MessageKey,ScenarioId,DataOrigin,TargetScore,OutOfFoldScore,FittedScore,Intercept,FeatureContribution,TopPositiveNgrams,TopNegativeNgrams,Fold,Status
70000000001:4000000000001,,existing_anonymized_capture,2.5,2.675,2.797,2.557,0.24,st (+0.029)； t (+0.028)；18 (+0.017)；9/ (+0.017),es (-0.014)；tes (-0.011)；te (-0.007),2,Experimental
70000000001:4000000000002,,existing_anonymized_capture,0.0,2.991,1.368,2.557,-1.189,无,ld (-0.047)；ld! (-0.047)；llo (-0.047)；llo  (-0.047),2,Experimental
70000000001:4000000000003,,existing_anonymized_capture,4.167,2.582,3.402,2.557,0.845, a (+0.022)；ra (+0.022)；流程 (+0.021)；as (+0.018),工作 (-0.016)；，先 (-0.012)；，这 (-0.006)；or (-0.001),1,Experimental
70000000001:4000000000004,,existing_anonymized_capture,3.333,2.675,2.797,2.557,0.24,st (+0.029)； t (+0.028)；18 (+0.017)；9/ (+0.017),es (-0.014)；tes (-0.011)；te (-0.007),2,Experimental
70000000001:4000000000005,,existing_anonymized_capture,3.333,2.528,2.577,2.557,0.02,re (+0.034)；epl (+0.021)；eply (+0.021)；ply (+0.021),20 (-0.025)；026 (-0.012)；202 (-0.012)；2026 (-0.012),2,Experimental
70000000001:4000000000006,,existing_anonymized_capture,0.0,2.158,0.764,2.557,-1.792,无,一次 (-0.034)；第一 (-0.026)；20 (-0.026)；c0 (-0.019),2,Experimental
70000000001:4000000000007,,existing_anonymized_capture,0.0,2.158,0.764,2.557,-1.792,无,一次 (-0.034)；第一 (-0.026)；20 (-0.026)；c0 (-0.019),2,Experimental
70000000001:4000000000008,,existing_anonymized_capture,0.0,1.844,1.099,2.557,-1.457, v (+0.005)；a  (+0.003)；iv (+0.002)；保留 (+0.001),c0 (-0.027)；tc0 (-0.027)； 这行 (-0.024)；c06 (-0.024),5,Experimental
70000000001:4000000000009,,existing_anonymized_capture,3.333,2.066,2.842,2.557,0.285,re (+0.009)； a (+0.007)；ep (+0.007)；er (+0.007),正文 (-0.009)；enga (-0.007)；ga (-0.007)；gag (-0.007),4,Experimental
70000000001:4000000000010,,existing_anonymized_capture,1.667,1.951,1.937,2.557,-0.619,as (+0.009)；st (+0.008)；测试 (+0.008)；on (+0.005),20 (-0.018)；c0 (-0.013)；tc0 (-0.013)；[tc0 (-0.011),3,Experimental
70000000001:4000000000011,,existing_anonymized_capture,0.0,2.181,1.045,2.557,-1.511,一个 (+0.004)；in (+0.000),第一 (-0.047)；第一段 (-0.036)；20 (-0.027)；一段 (-0.027),2,Experimental
70000000001:4000000000012,,existing_anonymized_capture,3.333,1.766,2.646,2.557,0.09,:  (+0.023)；.0 (+0.017)；;  (+0.016)；st (+0.015),20 (-0.019)；c0 (-0.014)；tc0 (-0.014)；02 (-0.014),1,Experimental
70000000001:5000000000001,S01,synthetic_forvia_v1,3.333,2.621,2.997,2.557,0.44,工程 (+0.013)；本地 (+0.012)；同一 (+0.011)；三个 (+0.010),个版 (-0.028)；个版本 (-0.028)；版本 (-0.014)；文件 (-0.012),1,Experimental
70000000001:5000000000002,S02,synthetic_forvia_v1,3.333,2.437,2.943,2.557,0.386,进行 (+0.019)；日期 (+0.016)；答案 (+0.016)；一项 (+0.015),版本 (-0.018)；过滤 (-0.012)；有效 (-0.007),1,Experimental
70000000001:5000000000003,S03,synthetic_forvia_v1,3.333,2.574,2.995,2.557,0.438,个问 (+0.014)；个问题 (+0.014)；需要 (+0.010)；里， (+0.009),行。 (-0.015)；20 (-0.014)；文件 (-0.012)；过滤 (-0.007),1,Experimental
70000000001:5000000000004,S04,synthetic_forvia_v1,0.0,2.564,1.324,2.557,-1.233,无,两位分 (-0.055)；两位分享 (-0.055)；个版本过 (-0.055)；了！ (-0.055),1,Experimental
70000000001:5000000000005,S05,synthetic_forvia_v1,3.333,2.678,3.051,2.557,0.495,同一 (+0.020)；原图 (+0.019)；流程 (+0.016)；批次 (+0.012),不同 (-0.006)；效果 (-0.002)；，同 (-0.000),1,Experimental
70000000001:5000000000006,S06,synthetic_forvia_v1,3.333,2.654,3.01,2.557,0.454,原图 (+0.027)；同一 (+0.024)；裁剪 (+0.016)；在同 (+0.012),，先 (-0.017),1,Experimental
70000000001:5000000000007,S07,synthetic_forvia_v1,5.0,2.545,3.725,2.557,1.168, 。 (+0.023)；我们 (+0.022)；/a (+0.019)；们的 (+0.016),20 (-0.015)；26 (-0.012)；分享 (-0.010)；17 (-0.009),5,Experimental
70000000001:5000000000008,S08,synthetic_forvia_v1,2.5,2.849,2.623,2.557,0.066,同一 (+0.015)；个问 (+0.011)；个问题 (+0.011)；检索 (+0.010),向量 (-0.004)；向量检 (-0.004)；向量检索 (-0.004)；量检 (-0.004),5,Experimental
70000000001:5000000000009,S09,synthetic_forvia_v1,2.5,2.829,2.543,2.557,-0.014,检索 (+0.013)；同一 (+0.011)；模型 (+0.009)；答案 (+0.009),正确 (-0.011)；录正 (-0.004)；录正确 (-0.004)；录正确条 (-0.004),5,Experimental
70000000001:5000000000010,S10,synthetic_forvia_v1,3.333,2.865,3.101,2.557,0.545,评测 (+0.027)；软件 (+0.022)；工程 (+0.012)；本地 (+0.012),代码 (-0.000)；把模 (-0.000)；把模型 (-0.000),5,Experimental
70000000001:5000000000011,S11,synthetic_forvia_v1,2.5,2.733,2.579,2.557,0.023,不能 (+0.015)；模型 (+0.012)；测试 (+0.011)；检查 (+0.011),正确 (-0.014)；也应 (-0.010)；版本 (-0.008)；类型 (-0.003),5,Experimental
70000000001:5000000000012,S12,synthetic_forvia_v1,3.333,2.738,3.02,2.557,0.463,检查 (+0.016)；不能 (+0.013)；的是 (+0.011)；模型 (+0.010),无,4,Experimental
70000000001:5000000000013,S13,synthetic_forvia_v1,2.5,2.806,2.652,2.557,0.095,不能 (+0.014)；可以 (+0.012)；需要 (+0.012)；模型 (+0.011),类型 (-0.003)；，同时 (-0.003)；当作 (-0.003)；同时记 (-0.003),4,Experimental
70000000001:5000000000014,S14,synthetic_forvia_v1,3.333,2.743,3.006,2.557,0.449,试验 (+0.011)；工程 (+0.011)；摘要 (+0.010)；不能 (+0.010),段： (-0.011)；这个 (-0.008)；件。 (-0.007)；不同 (-0.005),3,Experimental
70000000001:5000000000015,S15,synthetic_forvia_v1,2.5,2.756,2.589,2.557,0.032,一条 (+0.012)；需要 (+0.012)；模型 (+0.011)；单位 (+0.009),不同 (-0.008)；分比 (-0.004)；百分 (-0.004)；百分比 (-0.004),3,Experimental
70000000001:5000000000016,S16,synthetic_forvia_v1,3.333,2.658,2.997,2.557,0.44,ed (+0.019)； s (+0.009)；on (+0.008)；er (+0.008),错， (-0.014)；ne (-0.009)；tc (-0.007)；ll (-0.007),4,Experimental
70000000001:5000000000017,S17,synthetic_forvia_v1,3.333,2.914,3.146,2.557,0.589,re (+0.016)； a (+0.015)；ed (+0.013)； t (+0.012),he (-0.015)；ng (-0.006)；o  (-0.004)；ic (-0.004),4,Experimental
70000000001:5000000000018,S18,synthetic_forvia_v1,2.5,2.67,2.593,2.557,0.037,模型 (+0.010)；检查 (+0.009)；。我 (+0.008)；模拟 (+0.008),tc (-0.012)；件。 (-0.009)；在模 (-0.005)；在模拟 (-0.005),4,Experimental
70000000001:5000000000019,S19,synthetic_forvia_v1,3.333,2.879,3.002,2.557,0.446,验收 (+0.017)；id (+0.011)；需要 (+0.009)；模型 (+0.009),，先 (-0.013)；这个 (-0.005)；有效 (-0.004)；记录 (-0.001),2,Experimental
70000000001:5000000000020,S20,synthetic_forvia_v1,2.5,2.908,2.61,2.557,0.053,可以 (+0.014)；检查 (+0.011)；确认 (+0.008)；缺失 (+0.007),无法 (-0.003)；预期 (-0.003)；无法确 (-0.003)；无法确认 (-0.003),2,Experimental
70000000001:5000000000021,S21,synthetic_forvia_v1,3.333,2.858,3.026,2.557,0.47,我们 (+0.016)；th (+0.013)；们的 (+0.012)；我们的 (+0.012),大家 (-0.014)；ng (-0.009)；hi (-0.004)；有效 (-0.003),3,Experimental
70000000001:5000000000022,S22,synthetic_forvia_v1,2.5,2.816,2.617,2.557,0.06,检查 (+0.018)；不能 (+0.015)；模式 (+0.012)；模型 (+0.012),版本 (-0.008)；相同 (-0.005)；本、 (-0.003)；版本、 (-0.003),3,Experimental
70000000001:5000000000023,S23,synthetic_forvia_v1,3.333,2.8,3.019,2.557,0.462,数字 (+0.020)；/2 (+0.015)；不能 (+0.011)；模式 (+0.011),20 (-0.023)；结果 (-0.000),3,Experimental
70000000001:5000000000024,S24,synthetic_forvia_v1,3.333,2.648,3.033,2.557,0.476,模型 (+0.017)；本地 (+0.014)；约束 (+0.014)；订单 (+0.014),两个 (-0.005),1,Experimental
70000000001:5000000000025,S25,synthetic_forvia_v1,3.333,2.629,2.995,2.557,0.438,可行 (+0.014)；再加入 (+0.011)；一项 (+0.011)；和工 (+0.010),本。 (-0.007)；再加 (-0.003)；例， (-0.001),1,Experimental
70000000001:5000000000026,S26,synthetic_forvia_v1,3.333,2.783,2.991,2.557,0.434,产品 (+0.015)；制造 (+0.011)；讨论 (+0.010)；需要 (+0.009),才能 (-0.009)；第二 (-0.006)；’， (-0.000),5,Experimental
70000000001:5000000000027,S27,synthetic_forvia_v1,3.333,2.689,2.97,2.557,0.413,一致 (+0.027)；合格 (+0.019)；是合 (+0.019)；还是 (+0.019),无,5,Experimental
70000000001:5000000000028,S28,synthetic_forvia_v1,3.333,2.674,3.008,2.557,0.451,re (+0.020)；ed (+0.018)； r (+0.015)； re (+0.012),完成 (-0.012)；除了 (-0.007)；du (-0.007)；li (-0.006),4,Experimental
70000000001:5000000000029,S29,synthetic_forvia_v1,2.5,2.65,2.599,2.557,0.043,st (+0.015)；id (+0.010)；模型 (+0.008)；检查 (+0.007),完成 (-0.013)；区分 (-0.009)；sp (-0.007)；spa (-0.007),4,Experimental
70000000001:5000000000030,S30,synthetic_forvia_v1,3.333,2.863,3.044,2.557,0.488,我们 (+0.017)；的模 (+0.014)；模型 (+0.013)；启发 (+0.011),lo (-0.013)；he (-0.012)；并不 (-0.008)；中间 (-0.006),3,Experimental
70000000001:5000000000031,S31,synthetic_forvia_v1,2.5,2.815,2.604,2.557,0.047,摘要 (+0.018)；直接 (+0.008)；。如 (+0.008)；。如果 (+0.008),原文评 (-0.004)；原文评分 (-0.004)；度， (-0.004)；摘要评 (-0.004),3,Experimental
70000000001:5000000000032,S32,synthetic_forvia_v1,5.0,3.579,3.916,2.557,1.359,我们 (+0.025)；论文 (+0.021)；-a (+0.016)；。论 (+0.016),ll (-0.008)；a- (-0.005)；06 (-0.005)；ge (-0.004),1,Experimental
70000000001:5000000000033,S33,synthetic_forvia_v1,2.5,2.632,2.578,2.557,0.021,已经 (+0.007)；。建 (+0.007)；。建议 (+0.007)；标注 (+0.007),也应 (-0.010)；总分 (-0.003)；理由 (-0.003)；类型 (-0.003),1,Experimental
70000000001:5000000000034,S34,synthetic_forvia_v1,5.0,2.494,3.793,2.557,1.236,评测 (+0.029)；验收 (+0.024)；软件 (+0.019)；/a (+0.016),26 (-0.014)；20 (-0.011)；26年9 (-0.010)；6年9 (-0.010),5,Experimental
70000000001:5000000000035,S35,synthetic_forvia_v1,0.0,2.587,1.145,2.557,-1.412,无,周末 (-1.412),5,Experimental
70000000001:5000000000036,S36,synthetic_forvia_v1,2.5,2.851,2.627,2.557,0.071,我们 (+0.027)；可以 (+0.010)；们的 (+0.008)；我们的 (+0.008),大家 (-0.010)；工作 (-0.008)；思路 (-0.007)；应保 (-0.004),5,Experimental
70000000001:5000000000037,S37,synthetic_forvia_v1,2.5,2.635,2.566,2.557,0.009,试验 (+0.015)；收集 (+0.007)；报告 (+0.007)；数据 (+0.006),大家 (-0.019)；。目 (-0.005)；。目前 (-0.005)；目前 (-0.005),4,Experimental
70000000001:5000000000038,S38,synthetic_forvia_v1,0.0,2.393,1.148,2.557,-1.408,无,周末 (-0.329)；一次 (-0.083)；一次慢 (-0.075)；一次慢跑 (-0.075),3,Experimental
70000000001:5000000000039,S39,synthetic_forvia_v1,4.167,2.682,3.461,2.557,0.905,本地 (+0.014)；为本 (+0.013)；为本地 (+0.013)；10 (+0.013),这是 (-0.006)；两个 (-0.005)；再加 (-0.003),4,Experimental
70000000001:5000000000040,S40,synthetic_forvia_v1,3.333,2.648,3.067,2.557,0.51,回复 (+0.012)；10 (+0.011)；应该 (+0.009)；需要 (+0.009),版本 (-0.006)；’和 (-0.005)；’和‘ (-0.005)；和‘ (-0.005),4,Experimental
70000000001:5000000000041,S41,synthetic_forvia_v1,2.5,2.936,2.226,2.557,-0.331,答案 (+0.008)；检查 (+0.008)；。我 (+0.007)；我的 (+0.006),文件 (-0.019)；适用 (-0.017)；、适 (-0.011)；、适用 (-0.011),2,Experimental
70000000001:5000000000042,S42,synthetic_forvia_v1,1.667,2.936,2.226,2.557,-0.331,答案 (+0.008)；检查 (+0.008)；。我 (+0.007)；我的 (+0.006),文件 (-0.019)；适用 (-0.017)；、适 (-0.011)；、适用 (-0.011),2,Experimental
70000000001:5000000000043,S43,synthetic_forvia_v1,0.0,2.887,1.313,2.557,-1.244,。这 (+0.008)；，再 (+0.003)；工厂 (+0.002)；同时 (+0.001),‘选 (-0.045)；‘选了 (-0.045)；选了 (-0.045)；适用 (-0.036),2,Experimental
70000000001:5000000000044,S44,synthetic_forvia_v1,2.5,2.888,2.596,2.557,0.039,所有 (+0.009)；测试 (+0.009)；模拟 (+0.008)；验证 (+0.008),正文 (-0.013)；文本 (-0.004)；。测 (-0.003)；。测试 (-0.003),2,Experimental
70000000001:5000000000045,S45,synthetic_forvia_v1,1.667,3.757,3.03,2.557,0.473,/a (+0.025)；s/ (+0.013)；s: (+0.013)；/2 (+0.013),20 (-0.012)；，先 (-0.012)；s/25 (-0.009)；两个链 (-0.009),1,Experimental
70000000001:5000000000046,S46,synthetic_forvia_v1,3.333,2.84,3.045,2.557,0.488,re (+0.019)；id (+0.017)；我们 (+0.014)；可以 (+0.012),age (-0.015)；的文 (-0.011)；ag (-0.011)；一段 (-0.010),3,Experimental
70000000001:5000000000047,S47,synthetic_forvia_v1,2.5,2.699,2.546,2.557,-0.011,需要 (+0.011)；摘要 (+0.008)；时， (+0.008)；里的 (+0.008),行。 (-0.017)；换行 (-0.009)；换行。 (-0.009)；空白 (-0.009),3,Experimental
70000000001:5000000000048,S48,synthetic_forvia_v1,1.667,2.714,2.194,2.557,-0.362,检索 (+0.013)；模拟 (+0.008)；问题 (+0.005)；问答 (+0.004),正确 (-0.011)；。目前尚 (-0.005)；上比 (-0.005)；上比较 (-0.005),5,Experimental
70000000001:5000000000049,S49,synthetic_forvia_v1,2.5,2.267,2.337,2.557,-0.22,模拟 (+0.012)；检索 (+0.012)；不能 (+0.011)；检查 (+0.008),本过 (-0.019)；本过滤 (-0.019)；版本过 (-0.019)；版本过滤 (-0.019),4,Experimental
70000000001:5000000000050,S50,synthetic_forvia_v1,2.5,2.703,2.572,2.557,0.016,模型 (+0.008)；任务 (+0.008)；证据 (+0.007)；验证 (+0.007),两位 (-0.020)；分‘ (-0.011)；区分‘ (-0.011)；区分 (-0.010),3,Experimental
