MessageKey,Sender,IsRoot,PostedAt,Intent,Conf,维度分(relevance/value/evidence/impact),总分,积分,重复,需复核,门禁
70000000001:4000000000001,服务账号,True,9/18/2026,social,,2/0/1/1,4,0,Y,,PASS
70000000001:4000000000002,服务账号,True,9/17/2026,social,,2/0/1/1,4,5,,,PASS
70000000001:4000000000003,员工B,True,9/20/2026,practice_share,,2/2/1/2,7,10,,,PASS
70000000001:4000000000004,服务账号,True,9/20/2026,social,,2/0/1/1,4,0,Y,,PASS
70000000001:4000000000005,服务账号,False,9/20/2026,social,,2/1/1/1,5,6,,Y,PASS
70000000001:4000000000006,服务账号,True,9/20/2026,practice_share,,2/1/2/1,6,0,Y,Y,PASS
70000000001:4000000000007,服务账号,True,9/20/2026,practice_share,,2/1/2/1,6,0,Y,Y,PASS
70000000001:4000000000008,服务账号,True,9/20/2026,practice_share,,2/1/1/1,5,10,,Y,PASS
70000000001:4000000000009,服务账号,True,9/20/2026,practice_share,,2/3/1/2,8,10,,,PASS
70000000001:4000000000010,服务账号,True,9/20/2026,practice_share,,2/2/1/2,7,10,,,PASS
70000000001:4000000000011,服务账号,True,9/20/2026,practice_share,,2/1/2/1,6,10,,,PASS
70000000001:4000000000012,服务账号,True,9/20/2026,practice_share,,2/2/2/2,8,10,,,PASS
