ScenarioId,MessageKey,AuthorDesignedIntent,ValidationFocus,LabelStatus
S01,70000000001:5000000000001,question,具体问题与约束,author_design_not_human_ground_truth
S02,70000000001:5000000000002,answer,短回复有明确解法,author_design_not_human_ground_truth
S03,70000000001:5000000000003,practice_share,回复中也存在实践贡献,author_design_not_human_ground_truth
S04,70000000001:5000000000004,social,普通互动,author_design_not_human_ground_truth
S05,70000000001:5000000000005,retrospective,负面结果有价值,author_design_not_human_ground_truth
S06,70000000001:5000000000006,answer,识别数据泄漏,author_design_not_human_ground_truth
S07,70000000001:5000000000007,resource,文献分享含评价与边界,author_design_not_human_ground_truth
S08,70000000001:5000000000008,question,跨语言需求,author_design_not_human_ground_truth
S09,70000000001:5000000000009,answer,可执行对照方案,author_design_not_human_ground_truth
S10,70000000001:5000000000010,retrospective,智能体评测失败复盘,author_design_not_human_ground_truth
S11,70000000001:5000000000011,answer,具体有效建议,author_design_not_human_ground_truth
S12,70000000001:5000000000012,question,合理提问而非已证实收益,author_design_not_human_ground_truth
S13,70000000001:5000000000013,answer,指出上线边界与指标,author_design_not_human_ground_truth
S14,70000000001:5000000000014,practice_share,摘要保留约束,author_design_not_human_ground_truth
S15,70000000001:5000000000015,answer,技术纠错,author_design_not_human_ground_truth
S16,70000000001:5000000000016,question,中英混合输入,author_design_not_human_ground_truth
S17,70000000001:5000000000017,answer,英文有效回答,author_design_not_human_ground_truth
S18,70000000001:5000000000018,practice_share,有边界的反馈,author_design_not_human_ground_truth
S19,70000000001:5000000000019,retrospective,跨页表格与溯源,author_design_not_human_ground_truth
S20,70000000001:5000000000020,answer,针对根因的建议,author_design_not_human_ground_truth
S21,70000000001:5000000000021,question,本地资源约束,author_design_not_human_ground_truth
S22,70000000001:5000000000022,answer,性能测量可复现性,author_design_not_human_ground_truth
S23,70000000001:5000000000023,practice_share,虚构数值显式标识,author_design_not_human_ground_truth
S24,70000000001:5000000000024,question,业务约束问题,author_design_not_human_ground_truth
S25,70000000001:5000000000025,answer,指出验证顺序,author_design_not_human_ground_truth
S26,70000000001:5000000000026,practice_share,避免因果过度推断,author_design_not_human_ground_truth
S27,70000000001:5000000000027,answer,极短但关键的回答,author_design_not_human_ground_truth
S28,70000000001:5000000000028,question,保留不确定性,author_design_not_human_ground_truth
S29,70000000001:5000000000029,answer,可落地字段设计,author_design_not_human_ground_truth
S30,70000000001:5000000000030,practice_share,位置敏感性验证,author_design_not_human_ground_truth
S31,70000000001:5000000000031,answer,摘要到评分的误差传播,author_design_not_human_ground_truth
S32,70000000001:5000000000032,resource,将研究转化为本地验证,author_design_not_human_ground_truth
S33,70000000001:5000000000033,answer,反对编造证据,author_design_not_human_ground_truth
S34,70000000001:5000000000034,resource,2026近期研究边界,author_design_not_human_ground_truth
S35,70000000001:5000000000035,social,互动不等同完成工作,author_design_not_human_ground_truth
S36,70000000001:5000000000036,practice_share,长而空泛的低信息密度负例,author_design_not_human_ground_truth
S37,70000000001:5000000000037,practice_share,诚实的初步构想,author_design_not_human_ground_truth
S38,70000000001:5000000000038,social,非AI相关社交,author_design_not_human_ground_truth
S39,70000000001:5000000000039,practice_share,故意夸大且证据不足的反例,author_design_not_human_ground_truth
S40,70000000001:5000000000040,answer,纠正根帖错误且保留归因,author_design_not_human_ground_truth
S41,70000000001:5000000000041,practice_share,重复对第一条,author_design_not_human_ground_truth
S42,70000000001:5000000000042,practice_share,同作者完全重复正文,author_design_not_human_ground_truth
S43,70000000001:5000000000043,answer,重复主题但有增量不应全部去重,author_design_not_human_ground_truth
S44,70000000001:5000000000044,practice_share,提示注入测试仅为数据,author_design_not_human_ground_truth
S45,70000000001:5000000000045,resource,链接数量不代表高价值,author_design_not_human_ground_truth
S46,70000000001:5000000000046,practice_share,贴合现有数据通路,author_design_not_human_ground_truth
S47,70000000001:5000000000047,answer,预处理边界,author_design_not_human_ground_truth
S48,70000000001:5000000000048,practice_share,计划与完成成对样例A,author_design_not_human_ground_truth
S49,70000000001:5000000000049,practice_share,计划与完成成对样例B，模拟结果,author_design_not_human_ground_truth
S50,70000000001:5000000000050,practice_share,培训反馈与贡献区别,author_design_not_human_ground_truth
